-- phpMyAdmin SQL Dump
-- version 5.1.3
-- https://www.phpmyadmin.net/
--
-- Servidor: 127.0.0.1
-- Tiempo de generación: 07-05-2024 a las 20:44:57
-- Versión del servidor: 10.4.24-MariaDB
-- Versión de PHP: 7.4.29

SET SQL_MODE = "NO_AUTO_VALUE_ON_ZERO";
START TRANSACTION;
SET time_zone = "+00:00";


/*!40101 SET @OLD_CHARACTER_SET_CLIENT=@@CHARACTER_SET_CLIENT */;
/*!40101 SET @OLD_CHARACTER_SET_RESULTS=@@CHARACTER_SET_RESULTS */;
/*!40101 SET @OLD_COLLATION_CONNECTION=@@COLLATION_CONNECTION */;
/*!40101 SET NAMES utf8mb4 */;

--
-- Base de datos: `tienda_online`
--

-- --------------------------------------------------------

--
-- Estructura de tabla para la tabla `categorias`
--

CREATE TABLE `categorias` (
  `id` int(10) NOT NULL,
  `nombre` varchar(50) COLLATE utf8_spanish_ci NOT NULL
) ENGINE=InnoDB DEFAULT CHARSET=utf8 COLLATE=utf8_spanish_ci;

--
-- Volcado de datos para la tabla `categorias`
--

INSERT INTO `categorias` (`id`, `nombre`) VALUES
(1, 'Ficcion'),
(2, 'No ficcion'),
(3, 'Infantil'),
(4, 'Juvenil'),
(5, 'Comic y manga');

-- --------------------------------------------------------

--
-- Estructura de tabla para la tabla `clientes`
--

CREATE TABLE `clientes` (
  `id` int(10) NOT NULL,
  `nombre` varchar(80) COLLATE utf8_spanish_ci NOT NULL,
  `apellidos` varchar(100) COLLATE utf8_spanish_ci NOT NULL,
  `email` varchar(50) COLLATE utf8_spanish_ci NOT NULL,
  `telefono` varchar(15) COLLATE utf8_spanish_ci NOT NULL,
  `comentario` varchar(300) COLLATE utf8_spanish_ci NOT NULL
) ENGINE=InnoDB DEFAULT CHARSET=utf8 COLLATE=utf8_spanish_ci;

--
-- Volcado de datos para la tabla `clientes`
--

INSERT INTO `clientes` (`id`, `nombre`, `apellidos`, `email`, `telefono`, `comentario`) VALUES
(5, 'ejemplo', 'tst', '11@hotmail.com', '021112', ''),
(6, 'a', 'aaa', 'a@g', '12131', ''),
(7, 'dual', 'dual', 'dua@gma', '1114', ''),
(8, 'senor', 'anillo', 'fahsfha@gmail.com', '11111', '');

-- --------------------------------------------------------

--
-- Estructura de tabla para la tabla `detalle_pedidos`
--

CREATE TABLE `detalle_pedidos` (
  `id` int(11) NOT NULL,
  `pedido_id` int(11) NOT NULL,
  `libro_id` int(11) NOT NULL,
  `precio` decimal(10,2) NOT NULL,
  `cantidad` int(11) NOT NULL,
  `estado` int(11) NOT NULL DEFAULT 1
) ENGINE=InnoDB DEFAULT CHARSET=utf8 COLLATE=utf8_spanish_ci;

--
-- Volcado de datos para la tabla `detalle_pedidos`
--

INSERT INTO `detalle_pedidos` (`id`, `pedido_id`, `libro_id`, `precio`, `cantidad`, `estado`) VALUES
(7, 6, 14, '12.00', 1, 1),
(8, 7, 15, '11.50', 1, 1),
(9, 7, 13, '18.00', 1, 1),
(10, 8, 16, '10.00', 1, 1);

-- --------------------------------------------------------

--
-- Estructura de tabla para la tabla `libros`
--

CREATE TABLE `libros` (
  `id` int(11) NOT NULL,
  `titulo` varchar(80) COLLATE utf8_spanish_ci NOT NULL,
  `descripcion` varchar(300) COLLATE utf8_spanish_ci NOT NULL,
  `foto` varchar(100) COLLATE utf8_spanish_ci NOT NULL,
  `precio` decimal(10,2) NOT NULL,
  `categoria_id` int(10) NOT NULL,
  `fecha` date NOT NULL,
  `estado` int(11) NOT NULL DEFAULT 1
) ENGINE=InnoDB DEFAULT CHARSET=utf8 COLLATE=utf8_spanish_ci;

--
-- Volcado de datos para la tabla `libros`
--

INSERT INTO `libros` (`id`, `titulo`, `descripcion`, `foto`, `precio`, `categoria_id`, `fecha`, `estado`) VALUES
(13, 'Crimen y Castigo', 'lorem ipsum', 'crimen.jpg', '18.00', 2, '2024-05-07', 1),
(14, 'Balada de pajaros cantores y serpientes', 'Lorem ipsum y eso', 'balada.jpg', '12.00', 1, '2023-12-17', 1),
(15, 'Death Note', 'Un libro y esas cosas', 'deathnote.jpg', '11.50', 5, '2023-12-17', 1),
(16, 'El  Senor de los Anillos', 'ipsum', 'senoranillos.jpg', '10.00', 1, '2024-05-07', 1);

-- --------------------------------------------------------

--
-- Estructura de tabla para la tabla `pedidos`
--

CREATE TABLE `pedidos` (
  `id` int(10) NOT NULL,
  `cliente_id` int(11) NOT NULL,
  `total` decimal(10,2) NOT NULL,
  `fecha` date NOT NULL,
  `estado` int(11) NOT NULL DEFAULT 1
) ENGINE=InnoDB DEFAULT CHARSET=utf8 COLLATE=utf8_spanish_ci;

--
-- Volcado de datos para la tabla `pedidos`
--

INSERT INTO `pedidos` (`id`, `cliente_id`, `total`, `fecha`, `estado`) VALUES
(6, 6, '12.00', '2024-05-06', 1),
(7, 7, '29.50', '2024-05-06', 1),
(8, 8, '10.00', '2024-05-07', 1);

-- --------------------------------------------------------

--
-- Estructura de tabla para la tabla `usuarios`
--

CREATE TABLE `usuarios` (
  `id` int(11) NOT NULL,
  `nombre_usuario` varchar(100) COLLATE utf8_spanish_ci NOT NULL,
  `clave` varchar(150) COLLATE utf8_spanish_ci NOT NULL,
  `estado` int(11) NOT NULL DEFAULT 1
) ENGINE=InnoDB DEFAULT CHARSET=utf8 COLLATE=utf8_spanish_ci;

--
-- Volcado de datos para la tabla `usuarios`
--

INSERT INTO `usuarios` (`id`, `nombre_usuario`, `clave`, `estado`) VALUES
(1, 'admin', '1234', 1);

--
-- Índices para tablas volcadas
--

--
-- Indices de la tabla `categorias`
--
ALTER TABLE `categorias`
  ADD PRIMARY KEY (`id`);

--
-- Indices de la tabla `clientes`
--
ALTER TABLE `clientes`
  ADD PRIMARY KEY (`id`);

--
-- Indices de la tabla `detalle_pedidos`
--
ALTER TABLE `detalle_pedidos`
  ADD PRIMARY KEY (`id`);

--
-- Indices de la tabla `libros`
--
ALTER TABLE `libros`
  ADD PRIMARY KEY (`id`);

--
-- Indices de la tabla `pedidos`
--
ALTER TABLE `pedidos`
  ADD PRIMARY KEY (`id`);

--
-- Indices de la tabla `usuarios`
--
ALTER TABLE `usuarios`
  ADD PRIMARY KEY (`id`);

--
-- AUTO_INCREMENT de las tablas volcadas
--

--
-- AUTO_INCREMENT de la tabla `categorias`
--
ALTER TABLE `categorias`
  MODIFY `id` int(10) NOT NULL AUTO_INCREMENT, AUTO_INCREMENT=6;

--
-- AUTO_INCREMENT de la tabla `clientes`
--
ALTER TABLE `clientes`
  MODIFY `id` int(10) NOT NULL AUTO_INCREMENT, AUTO_INCREMENT=9;

--
-- AUTO_INCREMENT de la tabla `detalle_pedidos`
--
ALTER TABLE `detalle_pedidos`
  MODIFY `id` int(11) NOT NULL AUTO_INCREMENT, AUTO_INCREMENT=11;

--
-- AUTO_INCREMENT de la tabla `libros`
--
ALTER TABLE `libros`
  MODIFY `id` int(11) NOT NULL AUTO_INCREMENT, AUTO_INCREMENT=17;

--
-- AUTO_INCREMENT de la tabla `pedidos`
--
ALTER TABLE `pedidos`
  MODIFY `id` int(10) NOT NULL AUTO_INCREMENT, AUTO_INCREMENT=9;

--
-- AUTO_INCREMENT de la tabla `usuarios`
--
ALTER TABLE `usuarios`
  MODIFY `id` int(11) NOT NULL AUTO_INCREMENT, AUTO_INCREMENT=2;
COMMIT;

/*!40101 SET CHARACTER_SET_CLIENT=@OLD_CHARACTER_SET_CLIENT */;
/*!40101 SET CHARACTER_SET_RESULTS=@OLD_CHARACTER_SET_RESULTS */;
/*!40101 SET COLLATION_CONNECTION=@OLD_COLLATION_CONNECTION */;
